name,frames_processed,source_frames_consumed,dropped_late_frames,drop_rate,processing_fps,steady_state_fps,source_progress_fps,source_fps,p50_latency_ms,p95_latency_ms,p99_latency_ms,startup_seconds,detector_fps,tracker_fps,peak_ram_gb,peak_vram_gb
baseline_fp32,1050,1050,0,0.0,21.043829414353926,22.18633447551883,20.371532043519544,30.0,40.59610000695102,77.09960002102889,87.63009999529459,5.582568200014066,31.972455406843803,238.29618502240953,1.6746,0.1614
optimized_no_drop,1050,1050,0,0.0,27.348364609135356,27.377854566332463,26.097558744134503,30.0,35.14259998337366,45.12660001637414,75.78099999227561,10.601689500006614,37.524016308289205,235.16529710542227,2.0092,0.1575
bounded_live,931,1050,119,0.11333333333333333,27.884214593462,27.96315978696423,29.98257027524677,30.0,34.513099992182106,44.04999999678694,72.08610000088811,11.50719350000145,37.782970300643456,251.87975754097457,2.0278,0.1531
